"","text"
"1","  getting  covid vaccine  monday"
"2"," believe  child care  called     beginning  covid  deemed essential   province eces   receiving  vaccine earlier    public ece ontariolockdown"
"3","  recommend    job pharmacist covid vaccine support healthcare berwick pa"
"4","    cvs health  hiring  lyndhurst oh click  details healthcare cvsjob"
"5"," days  holding  breath waiting   day  finally received   dose   covid vaccine   absolute relief please please please   vaccine    time   huge chunk    vaccinated  cant     normalcy"
"6","  regular stock picking   checking  bmra ibs blood test infoods  looks  trial results  junejuly  covid exposure  post vaccine antibody testing"
"7"," competition  stiff   favourite crazy covid vaccine theory remains  persistent allegation bill gates  inserting microchips   vaccines  track  movements  recipients ready "
"8"," scared  whats   covid vaccine bc sidewalk bowl"
"9","story"
"10","science  repeatedly shown  kids  neither susceptible  covid nor effective transmitters    focusing  vaccine logistics         bullshit"
"11","meanwhile  cleveland    shortage   covid vaccine    people     appear   able   vaccinated    hell     ohio"
"12","jamp  pops  quarterly beat  soon release covid vaccine test results via"
"13","     covid vaccine shot   cnet"
"14","  chocolate chip cookies tonight      dad tomorrow  havent seen      past months  am taking     covid vaccine tomorrow hes"
"15"," promote vaccines  orleans dances   heart   sleeve"
"16","vice president kamala harris receives  covid vaccine dose urges people  america   vaccinated kamalaharris"
"17","wolf frustrated  covid vaccine supply  pennsylvania"
"18"," boosting vaccine deliveries amid complaints  shortages"
"19"," suspected covid category   pfizer mrna vaccine trial  simply  catchall symptom screening label  justify testing  detect covid    category  untestedyetprobable    words  official efficacy figure  accurate"
"20","public health alabama department   alabama department  public health adph  holding covid vaccination clinics  montgomery county  people  qualify  vaccine  individuals currently  healthcare"
"21","venice   department  health  sarasota county received  covid vaccine  week  start scheduling  shots   administer   doses"
"22","covid    home       burn  ps games waiting   ps odds  ill   vaccine    time lol game  friends game "
"23","  hoping        minorities  suffering  dying   rates  covid sometimes     rates  underlying conditions   diabetes sometimes  access  healthcare    help   vaccine quicker"
"24","spiteful vaccine supranationalism cant distract   covid scandal   sink  eu via"
"25","merck scraps covid vaccine candidates  wall street journal"
"26","according  cdc   eradicated influenza   united     halfway thruhave   confirmed influenza     usual  million  mpnths  cdc   falsifying info    victory flu vaccine pandemic covid"
"27","city kicks  senior vaccination program bringing vaccine  homes senior centers  responders  giving vaccines  seniors   citys meals  wheels program  tuesday"
"28"," apparently covid vaccine tourism    "
"29","queenslands covid plan   revealed  jeannette   brisbane gold amp sunshine coasts cairns  townsville    establish vaccine hubs  doses  available     febearly march"
"30"," employers  prepare   biden administrations plan  jumpstart  covid vaccination process"
"31","figure       day  revisit  discussion   compulsory licensing  vaccine patents"
"32"," brother  cancer       covid vaccine    fuck"
"33"," smartnews  read antivaxxer leaves radio host stunned  admitting   wouldnt    sick dog   vet   read    web tap "
"34","mn seniors   hours  week  preregister  covid vaccine lottery via"
"35","seroius doubts expressed  german govt amp regulators  covishields efficacy  highranking official   health ministry told handelsblatton  basis   data  available      efficacy   overs lies below"
"36","farmworkers  fresno county   starting    doses   covid vaccine  health officials      vaccinated"
"37"," people  surrounded everyday    people  thats  job    vaccine    dont  covid  spread    especially vulnerable citizens  yourself  arent taking    "
"38","          covid vaccination thisisourshot"
"39"," combination    history  medical malpractice  structural racism   federal government  communities  color  contributed  skepticism   vaccine  cited   antiimmigrant rhetoric   prior administration"
"40","johnson amp  johnson  tuesday   expected  report eagerly awaited data   covid vaccine   week      able  meet  delivery target  doses  countries     signed supply agreements thisisourshot"
"41","florida  receive  increase   covid vaccine allotment gov desantis "
"42","supervisors discuss  covid vaccine disparities  contra costa county"
"43","global coronavirus  surpassed million  wednesday  countries   world struggle   virus variants  vaccine shortfalls"
"44","americans    covid vaccine  include noncitizens"
"45","  wondering   traditional covid vaccine gift  "
"46","biden announced  tuesday   administration  nearing  deal  pfizer  moderna  secure  additional million doses  coronavirus vaccine      summer        dump trucks  cash months ago"
"47","true kansas   worst  country  vaccine distribution"
"48","  covid vaccine rollout continues experts    coronavirus response   time  tuesday night  address  community   questions"
"49"," centers  disease control  prevention  tracking covid rollout   country"
"50","according    health services website  people  nueces county  received     dose   covid vaccine"
"51","   laying  groundwork  respond quickly   variant  sarscov  evidence  escaping immunity   vaccine pfizer  coronavirus covidvaccines coronavirusvaccine"
"52","covid uk  look  carefully  vaccine dosing  concerns raised  level  protection  study suggested  effectiveness   vaccine   single dose   low       initially  "
"53","   expect threaten  eu  idiots      delivering   signed     stoop  johnsons level     stop playing  peoples lives"
"54"," hollow words  faux sorrow    cared   shut borders listen   science  break  vaccine protocol     thief   stealing saying sorry   steal    stealing lives"
"55"," covid tongue   sign  infection    coronavirus patients develop bumps  swelling   mouth   red burning feet  hands study "
"56","    vaccine doesnt    virus   amp people  getting hurtsick  dying      scariest    people dont    vaccine doesnt   covid virus inside"
"57"," covid vaccine appointments  publix registration  am wednesday sfr publix vaccineshots"
"58","biden announces covid vaccine supply surge     via"
"59","    idea   initial mess ups looking         distribute vaccines  children"
"60"," covid lies  vaccine supply lies twitter   shut    ago frontlinepbs"
"61","  arent  following science covid vaccine    proven  stop illness  contagion  spread  deaths   people  poc      die  distribute vaccines   require focus   people"
"62","canada building facilities   vaccines  covid   viruses"
"63","  vaccine doses       people dont            covid vaccine  statebystate guide covidvaccine"
"64","california revamps covid vaccine delivery system amid criticism  slow rollout cnn"
"65","canadian mogul fined  getting covid vaccine meant  indigenous residents canada  guardian"
"66","cdc fda investigating california moderna covid vaccine lot    usual aller"
"67"," article "
"68","pfizer inc   tuesday    partner biontech se   developing  booster shot  protect  covid variants covid vaccine pfizer qatardaynews qatarday"
"69","johnson amp johnson expects  share details   companys latestage covid vaccine trial   week covid vaccine johnsonandjohnson qatardaynews qatarday"
"70"," biden administration  million  coronavirus vaccines   funnel  doses      bid  deliver    presidents promise  curb  pandemic president joe biden announced tuesday"
"71","global covid  surpass million  nations tackle vaccine shortages pfe"
"72","tell europe help share  covid vaccine  fardeenblaq globalcitizen duxdesign teachmillions edutainmentbd"
"73","      south africa covid variant"
"74","  reading  science  masks miscarriages following  covid vaccine  people tell    shouldnt share data bc   scare people   getting  experimental vax    bit  idiocy   internet    log   awhile"
"75","essential workers disability advocates fear  left   california shifts  agebased covid vaccine priority highriskca"
"76","quick question   recommended   vaccines   covid vaccine"
"77","global covid  surpass million  nations tackle vaccine shortages"
"78"," added context  comments   retired ceo  gsk  produced  hn vaccine  wait   canada     read     parroting  false narrative   dont  production   harpers fault"
"79"," york   fair distribution plan  covid vaccine"
"80","die  norway  receiving pfizer ccp virus vaccine via"
"81","im looking   vaccine  god variants  okay   covid variants vaccine  straight  developing  god vaccine"
"82","online chat casino ceo  wife pose  motel workers travel  remote canadian territory  covid vaccine"
"83"," december americans  received   dose  covid vaccine   suffered    health impact events thats   effect rate     mercola dot com   truth"
"84","elderly people  norway  died  receiving pfizers covid vaccine  world health organization  urging health officials  continue giving   seniors    people    covid vaccine history  hold     responsible   deaths"
"85","hope doubt loom  human clinical trials begin  calgarymade covid vaccine"
"86"," public    wait  august  covid vaccine"
"87","scientific research        past    advancements occur   times  crisis  covid     example ww  common cold  doesnt   vaccine    constantly mutating    impossible  cover   strands"
"88","         vaccine rollout proceeds smoothly quickly  efficiently auviews australias covid vaccination challenge via"
"89","  bullshit health canada      pfizer pfizerbiontech presses health canada  amend covid vaccine label  increase doses    vial"
"90","canadian casino ceo wife accused  posing  motel workers   covid vaccine meant  locals via"
"91","getting  email    schedule  start  grandmas covid vaccine helped   slightly annoying ass day"
"92","im seriously   moral debate   covid vaccine line  moving forward    cheating  system"
"93","sean hannity  hes beginning   doubts  getting covid vaccine"
"94","dear frontline worker  records       receive   covid vaccination  book  appointment  week  inform      received   vaccine  inform     wish "
"95"," comments tonight"
"96","thank         track  covid vaccine recipients"
"97","covid vaccination hub providers"
"98"," micro example"
"99","global covid  surpass million  nations tackle vaccine shortages"
"100","     march  ran covid drive thru testing  vaccine distribution     tested  vaccinated    eating chicken nuggets"
"101","constantly complaining      taking  distribute  covid vaccine  doing   hurting  morale    overwhelmed  exhausted healthcare workers"
"102","  vaccine euphoria      square   covid escape variants"
"103","    program similar      patients  chronic health issues    covid vaccine"
"104","  moderna covid vaccine doses     six weeks apart"
"105","santa clara cuts  covid vaccine supply  hospital   teachers skip  line jennifer lubusiness"
"106","thank    yes appreciating       cherish  moments        imagine  challenging     able     covid  happy    st vaccine"
"107","biden administration   million doses  covid vaccine  pfizer  moderna"
"108","ok  dont agree        im seeing covid  hand  isnt   dumb   cant    workers  vaccine  youre gonna    risk   maybe   vaccine accessible   asap"
"109","missouri  recieved  additional doses   covid vaccinethis   percent increase  doses"
"110","missouri  recieved  additional doses   covid vaccinethis   percent increase  doses"
"111","  fantastic    talking      pops      talking     canada madeincanada coronavirus vaccine starts human clinical trials"
"112","moderna covid vaccine      pregnant women  via"
"113","biden announces covid vaccine supply surge     nbc  via"
"114","teachers  wisconsin   eligible  covid vaccines starting march tonight   hear  districts  reacting   news  planning    staff vaccine appointments"
"115","oklahoma    garbage       person   health  shouldnt  eligible    covid vaccine     asthmatic grandmother    "
"116","maybe ive watched   netflix  im fairly confident  drug dealers  facilitate   distribution   covid vaccine   government"
"117","pfizerbiontech presses health canada  amend covid vaccine label  increase doses    vial  globe  mail"
"118"," absolutely beautiful story  living  alzheimers   strand  pearls im  glad  mother    covid vaccine"
"119"," vaccination process   started rotarians   promote  governments efforts   counter  misinformation   ensure   indian  avail   covid vaccine  fear  favour"
"120","california revamps covid vaccine delivery system"
"121","foxx stunned   public defenders arranged  coronavirus vaccine  cook county jail ahead   staff hi india  cook county public defenders received  covid vaccine   cook county jail  week unbeknownst"
"122","ceo  canadian gaming company  wife charged  flying  yukon chattering private plane  beaver creek   covid vaccine  bet  didnt gamble   fallout  repercussions greed nomoralcompass"
"123","business exec   wife charged  flying  remote canadian town   covid vaccine officials "
"124"," weeks ago  united    invaded  rednecks  white collar libertarians  week     president  week reddit  killing  hedgefund  fun using  wreckage  gamestop    life moves  fast  covid vaccine moves  slow"
"125","received     pfizer covid vaccine shots "
"126"," china  build hospitals  weekswhy cant ontario build  retool  potential covid vaccine production plant  months   ontario  sit idly   risk    adequate supply    partner  medicago"
"127"," china  build  hospitals   weeks  cant canada build  pfizer vaccine plant   months     europe  understandably controlling  export  vaccines  cant  government adopt  cando policy"
"128"," wednesday january president yoweri museveni  launch  ugandas  clinical trial   covid vaccine"
"129","president biden canceled  senior spring break trip  week  demanding week quarantine  returning home  cancun    top   negative test   travel  negative test  return amp  relief    covid   vaccine"
"130"," warns modernas vaccine      pregnant women via"
"131","     deemed  essential         risk  covid exposure    gov        getting  access   vaccine   lives arent actually    jobs fuck "
"132"," covid vaccine sign  page  basically  hard  getting  ps online"
"133","buzzfeed news  wealthy couple reportedly pretended      remote indigenous community    covid vaccine via"
"134","tara   moderna     booster shot   variants"
"135"," biden administration    buy million  covid vaccine doses"
"136","makes sense kill     covid sterilize   via vaccine fits   demelites plan       themtheir family  gotwill  vaccinated    list"
"137","      ad campaign       countries  rolling   vaccine department  health launches  covid vaccination campaign via"
"138","pharmacist charged  covid vaccine spoiling  plead guilty"
"139","fighting stigma public schools    lead  vaccine blitz jonas salk nearly   americas public schools    play  pivotal role  president bidens plan  rapidly deploy covid vaccines"
"140","mass residents    register  covid vaccine cbs boston"
"141","covid scandal former paramedic    accused  stealing vials  covid vaccine   claims      vaccinations"
"142","   alaskas covid vaccine website  frustrating     hard  people      useful improvements recently   story   improvements thats worth  quick read akleg"
"143","french selfesteem hit  pasteur institute abandons covid vaccine"
"144"," question    federal government using   discredited politicised dcho  cno  ads  covid vaccine  persuade people  dont trust govt dcho promoted useless covidsafe app"
"145","business exec   wife charged  flying  remote canadian town   covid vaccine officials  selfish"
"146"," nice    vaccine  actually  vaccine covid"
"147"," relieved  yearold dad   covid vaccine "
"148","merck scraps covid vaccines    effective    virus  recover covid covid covid covidvaccine covid covidvaccine vaccination"
"149","women coronavirus vaccines wont   infertile  "
"150","covid boris johnson warns eu  restrictions  coronavirus vaccine supplies politics news sky news  europe block  vaccine deliveries  uk  uk government  commence immediate withdrawal   uk nato forces  europe job "
"151","covid boris johnson warns eu  restrictions  coronavirus vaccine supplies politics news sky news"
"152","north carolina    limited supply  covid vaccines coming     wednesday  federal government  sending  lot    normally  according  ncdhhs secretary dr mandy cohen"
"153","north carolina    limited supply  covid vaccines coming     wednesday  federal government  sending  lot    normally  according  ncdhhs secretary dr mandy cohen"
"154","   tweeters using trudeauvaccinefail   covid deniers antimaskers andor antivaxxers     pandemic     reset   masks  infringing  rights   vaccines  poison    care   vaccine inventory cdnpoli"
"155"," youre saying   wear masks  flu season  cant   disagree  theres   yearly vaccine   flu    time   access     covid    virus   immunity    vaccines   im      math"
"156","global covid  surpass million  nations tackle vaccine shortages"
"157","  million covid   recorded   world till tuesday   remains  worsthit country   world   million coronavirus  read "
"158","steven brandenburg  wisconsin pharmacist accused  trying  spoil dozens  vials  covid vaccine  facing   prison   agreed  plead guilty  federal court prosecutors "
"159","      hcq  cant   treatment   vaccine wont  able  continue  dont    vaccine  vaccine papers    vaccines   common cold  flu covid covid corona coronavirus"
"160","yooo      covid vaccine  goooo"
"161","    dose  covid vaccine       dose  weeks   feel  lot  safer  forward"
"162","chickfila helps direct covid vaccination traffic  meanshould  tried   month ago"
"163","yes   expect  scientists      lord   able      vaccine     yall believe    cure  cancer aids etc  cant wrap yall mind   covid vaccine  created"
"164","celebrities    getting  covid vaccine  essential workers    means   money  stay  home"
"165","  tyler perry feel    brag        covid vaccine  essential workers   told  wait thats  elitist bullshit  "
"166","  info modernas covid vaccine   recommended  pregnant women according    data released    world health organization moderna vaccine texas pregnancy"
"167","moderna     single product   marketplace"
"168","   reading abt  emotional psychological effects  covid pandemic  kids im   kid     extra irritable    vaccine rollout fucked angry im wondering   falls semester   teach    normal    vaccinated  "
"169","st airborne division leaders mark blanchfield army community hospitals covid vaccine transition  healthcareemergency personnel  frontline essential workers clarksville clarksvilletn montgomerycounty fortcampbell bach covid coronavirus"
"170","wait   dont   covid vaccine  youre convinced    microchip  phone definitely isnt tracking   move  listening    bank definitely isnt tracking  single purchase"
"171"," nebraska launches   vaccine registration platform   week nebraska residents   able   online  register  covid vaccines   health district"
"172","peru volunteer  sinopharm covid vaccine trial dies  pneumonia"
"173","hope doubt loom  human clinical trials begin  calgarymade covid vaccine"
"174"," week  nd pfizer vaccine shot   israelis  covid"
"175","      receive  covid vaccine"
"176","pharmacist charged  covid vaccine spoiling  plead guilty"
"177","idaho leaders     covid vaccine allotment  low"
"178","  youtube coronavirus eu mulls export controls   threaten canadas covid vaccine supply"
"179","   talking ab  budweiser   spending money  advertise themselves  super bowl  instead investing    covid vaccine thats  hot girl shit"
"180","getting  covid vaccine    indeed   debatable subject  people  divided    comfortable taking  vaccine       vaccine covid covidvaccine covid coronavirus pandemic"
"181","  vaccine help  covid variants     donalds    office anymore amp    kill millions    vote gop    wrong besides  ya mean besides  world "
"182"," infuriating  read  hollywood actors offering bribes  doctors   covid vaccine"
"183","     vaccine   receiver pleurisy  pain contorts  body  hours  days   time  daughter    pleurisy  covid    tylenol  lidocaine patches pleurisy  hell   visit "
"184","pharmacist  plead guilty  tampering  doses  covid vaccine via"
"185","   significant confusion  covid vaccine rollout  cook county attorneys      inoculated   jail  week"
"186","thank   statement  print  powerful  heard  webinars  relationship  severity  covid  risk        cancer    statsrefs  st vaccine bc gt  bc cancer survivor unconscionable  lt   wait"
"187","covid variants   vaccine explained  "
"188","  details  health officials volunteers create covid vaccine database vaccinedatabase covidcalifornia"
"189"," biden administration    buy million  covid vaccine doses"
"190","yeah"
"191","yes  ok        covid vaccine pa  close  sitting bc   trump  look bad"
"192"," warns modernas vaccine      pregnant women"
"193"," media outlets  corrupt  broken     current program  covid lie  vaccine push racial division fuel hatred  pres trump start  continue wars distractions report local news  inject agendas   stories  "
"194","vice president kamala harris receives   dose   covid vaccine"
"195","  wish    scheduled   covid vaccine  thursday     terrible  weather    arent   available appointments    field  coming    dont    option  cancelling"
"196","   covid vaccine ill   guys    mutations start happening"
"197","okay media please stop  people getting needles plunged   arms     covid vaccine   shot   trypanophobics   nonetheless committed  getting vaccinated   qualify dont    traumatized daily   images   awaits "
"198","modernas covid vaccine   recommended  pregnant women according   news release tuesday   world health organization"
"199","vergeire      infected  covid    inoculater    disease   noted   individuals     vaccine  months    infected"
"200","  laging handa briefing  ptv doh usec maria vergeire   preparations   deployment  covid vaccine   underway"
"201","   flu vaccine       immunocompromised    pcr covid tests   teach  positives "
"202","serious question     science  herd immunity     idea   vaccine lasts     covid hopefully  lesser symptoms amp unknown     infect    adding   "
"203","ok sorry  stopped tweeting  register   covid vaccine"
"204"," vaccines      pandemic"
"205","   money   covid vaccine    rbn  bee tourism fund     chief"
"206","covid      sa     population ivermectin protocols vaccine          wave     manageable"
"207","     eu petition  elaborates  antibodies produced   covid vaccine   women infertile  attacking syncitin protein required  forming  placenta  look  source doc"
"208","ive seen  push  host public hearings  hold healthcare providershealth department accountable   covid vaccine rollout          da office sf citizensyour constituents  "
"209","   vaccine introduces rna code   covid spike protein     protein   responsible  cytokine storm   bodies   protein continuously   immune system responds continuously   constant   autoimmune response"
"210","  arrival   vaccine   holidays   health officials look  bring covid   restrictions    central coast"
"211","   tweet hank aaron sent  message  black americans  coronavirus vaccinations  safe  aaron died  vaccine skeptics  antivaccination advocates latched onto  tweet  spread misinformation   vaccine"
"212","people  oppose vaccines  cite  personal choice   wisconsin incident    antivaxx pharmacist didnt   damn   personal choices  hundreds  people      coronavirus vaccine"
"213"," employers  prepare   biden administrations plan  jumpstart  covid vaccination process"
"214","president biden  tuesday  million covid vaccine doses      expects    delivered  summer"
"215","ive heard  soon   vaccine  type versions  covid   dont "
"216","covid vaccine shinees comeback  saved"
"217","    covid vaccine   cdc meanwhile   scale clinical trials   pharmaceuticals    stage"
"218","wait    image  people im  supposed  shame      porta potties"
"219"," city opaquely contracted  vax distribution   startup        profit gathered everyones personal info  apparently  yo ceo   skimming    doses     friends"
"220","vaccine       combat covid epidemic  totally agree  "
"221","   vid    hivconcer etc     covid vaccine    profit  gonna    vaccine"
"222","county public health officials reported  covid   deaths tuesday   marked   day  vaccination super site  petco park  closed  repairs  mondays inclement weather"
"223","health care worker dies   dose  covid vaccine investigations underway"
"224","  vaccine   sideeffect free  vaccines deliver reactogenic sideeffects understand   effects  covid vaccines pfizer  moderna  messages  volunteers worstcase scenario"
"225","     lilly drug bamlanivimab  infusion lasts  month    effective  preventing covid attractive  ppl waiting   vaccine appointment"
"226","delaware promised  increase  covid vaccine   feds focus  remain  administering  doses netde decovid"
"227","eight rural counties  texas    top counties    vaccination rate including throckmorton county  story  hear     vaccine rollout tomorrow morning starting "
"228","  save  life  vice president kamala harris received  dose  covid vaccine  encouraged people       "
"229"," covid vaccine  india   empoweringdoctors startup"
"230","sooo im    covid vaccine   im hungry  gimme food"
"231","  wont  sick   fallen sick    alright   weeks time third vaccine wont   covid free"
"232","breaking germany challenges astrazeneca covid vaccine covishield efficacy reports   basis   data  available      efficacy   overs lies below covidvaccine"
"233"," dont   theres    dont   data  maybe  shouldnt  ahead   experiment  pregnant women amp  unborn babies yathink"
"234","desantis  white house statement  floridas covid vaccine doses  disingenuous"
"235","edmonton calgary public  catholic school boards advocating  staff   prioritized  covid vaccine"
"236","pregnant women    modernas covid vaccine  warns"
"237","    doubt   pfizer covid vaccine  remember pfizer created viagra"
"238","nepal covidvaccine rollout pm oli  inaugurate drive  nepal "
"239","according  governor wolf  biggest challenge    facing   shortage  doses   federal government"
"240","hypocrite   complaining  tx   receiving vaccine allotments   hell    trump   office  didnt  complain  trump   didnt crook  ag   condemn  insurrection  sue trump"
"241","covid vaccine   virus    retreat   wait    indian express"
"242","  million doses  countries   administered according  data collected  bloomberg   rate  roughly million doses  day  average"
"243","getting dose   covid vaccine"
"244","global initiative  covid vaccine records"
"245","  tune  chics  times stab "
"246","   vaccine people  gotten covid   arent     produce antibodies   variants  changes  "
"247","  covid vaccine  super light headed earlier    hours   arm  hurts   bitch"
"248","covid update  day  lower   san mateo county approves restaurant relief fund san francisco  oakland zoos  reopen heres     coronavirus pandemic   bay "
"249","     covid vaccine   vp received   thats  fair     else"
"250","   theres  vaccine thats proven  prevent covid infection     blaming  else       shameful  signatures     greatbarringtondeclaration"
"251","    vaccine covid cause disease"
"252","amid  demand minnesota offers covid vaccine lottery"
"253","live podcast blacks trust   united   blackcommunity covid executiveorder revoltuion vaccine"
"254","fromthemagazine  competitions cancelled   tokyoolympics doubtful    worry    covid pandemic  played havoc   athletics calendar    world"
"255"," wisconsin pharmacist accused  trying  defrost  spoil dozens  vials  covid vaccine agreed tuesday  plead guilty  federal court"
"256","mike hosking mikes minute government    hot air  covid vaccine"
"257"," craving nashville hot chicken   effect   covid vaccine"
"258","peru volunteer  sinopharm vaccine trial dies  covid pneumonia university "
"259"," covid   plateaued bcs provincial health officer   province    precipice   vaccine   relied   "
"260","pfizerbiontech presses health canada  amend covid vaccine label  increase doses    vial"
"261"," fedex sensors  analytics fuel covid vaccine distribution"
"262","mass residents    register  covid vaccine appointment starting wednesday"
"263","theres  evidence    vaccines  covid cause infertility  thats  worry thats  cited   health care workers   reason theyre reluctant     line    shots    myth     "
"264","vaccine waitlist people  signed    pm tuesday according harris county judges office  portal launched  noon"
"265","buchanan county  getting help  rolling   covid vaccine thanks   appalachian college  pharmacy"
"266","californias covid vaccine distribution plan changes  push   essential workers  move   adults"
"267","  north carolina dhhs website     dose vaccines       white people"
"268","covidrelated crimes    growing reports nationwide  crimes involving vaccines  accusations  hoarding doses  florida  allegations  phony vaccines  sold  patients  washington "
"269","pharmacist charged  covid vaccine   plead guilty news"
"270","vaccine information      dose  eastern iowa"
"271"," logistics  getting  covid vaccine  manufacturers      success  nearly half   vaccines    distributed  planned reports   kennedy proposes  solution   growing "
"272","  help rollout  covid vaccine  canberra via"
"273","hollywood actors  covid vaccine scramble   hunger games variety"
"274","  recovered  covid   guess im    wouldnt recommend getting  vaccine naturally"
"275","maryland   th     distributed covid vaccine      administered    total supply    received fellow underachievers include california rhode island virginia amp kansas"
"276","hold  veterinary workers  prioritized   covid vaccine becore teachers"
"277"," former wisconsin pharmacist  agreed  plead guilty  intentionally tampering  hundreds  doses  moderna incs covid vaccine"
"278"," yes maam   covid vaccine "
"279","im    anymore        absolutely   vaccine  id    able    covid damage manifest   chronic illness  im   im    dick       understand    infect "
"280","modernas covid vaccine   recommended  pregnant women according   news release tuesday   world health organization"
"281","    vaccine   answer fauci endorses doublemasking   covid vaccine news lifesite"
"282","   hunger games       game     resorted  lying   level  selfishness  weve   expect hollywood elite  covid vaccine scramble   hunger games  "
"283","  considered essential workers    appointment    covid vaccine tomorrow im proud        community  herd immunity  soon   hawaii  capitol"
"284"," tf yall crying  yall  beat covid  yall   mf vaccine shit yall   vaccine"
"285","covid vaccine  ev  "
"286","yea thats      investigate heres  collection   stories  theyre  saying      people rip  hours  getting injected"
"287","   concerns     reaction  people dying   vaccine     thats    instead  acknowledging  vax companies   saying        people  dying  day  weird"
"288"," avoiding  vaccine   plague  isnt racism  dont      covid amp breezed    ill risk   lol"
"289","acetamines   carcinogen  animals causing liver tumors  possibly  humans      looking   extremely  exposure  personally id  happier    vaccine   covid"
"290"," truth   covid vaccine"
"291"," supply isnt   issue      dont care    issued  instead   curious  press conferences  front  publix"
"292","denmark developing digital covid vaccine passport article amp reuters"
"293"," arent     plan  distribute  covid vaccineour economy doesnt      wait"
"294","darden     requiring employees   vaccinated   strongly encouraging  freshvoicesrise"
"295","   vaccine   mrna gene therapy  zero  term safety profile    manufacturer  indemnified"
"296","lives  livelihoods   depend  vaccines    idea  successful  vaccine   covid  continually  step ahead   influenza   depends   gov dialling   hysteria  guys   "
"297","team investigates vaccine recipients scrambling  schedule nd covid shot  time"
"298","im  pregnant doctor     covid vaccine"
"299","moderna covid vaccine    fetal cells oh thank          vaccinated  ethical feelings   heart hurts   boys     heartwrenching     science   un babies people"
"300","european stocks rise despite concerns  covid vaccine rollout yahoo finance uk"
"301","   covid vaccine shot  friday  havent    zombie im  disappointed"
"302","madeincanada covid vaccine   manufactured  calgary clinical trials   begun calgary herald"
"303","   canadian vaccine   trial  human volunteers  read  article  securing     advantageous  crazy name prx covidx  "
"304","madeincanada covid vaccine   manufactured  calgary clinical trials   begun calgary herald"
"305","madeincanada covid vaccine   manufactured  calgary clinical trials   begun calgary herald   look"
"306"," european union invested billions  help  pharma companies develop  vaccine trudeaus liberals  partnering  china believe   develop  vaccine   china   covid calgary pharma co  offered  kiss  quebec ass amp move  montreal"
"307","indigenous leaders told  virtual meeting    left  fend  themselves   covid tests basic protective equipment  healthcare   reaching  remote forest communities"
"308"," notable feature  frydenburg  abc local melbourne radio  morningwas  scatter gun namedrop"
"309","australia news live nsw considers easing covid restrictions  vaccine information campaign launches"
"310","berejiklian    comment    covid vaccine advertising campaign    therapeutic "
"311","australia news live nsw considers easing covid restrictions  vaccine information campaign launches"
"312","australia news live nsw considers easing covid restrictions  vaccine information campaign launches"
"313","australia news live nsw  ease covid restrictions  vaccine information campaign launches"
"314","australia news live nsw considers easing covid restrictions  vaccine information campaign launches"
"315","ive    hop    reasons im  scared   covid vaccine     dont feel    expose   maria     reasons lmao"
"316","indonesians gt  someones irrelevant birthday trending gt omg guys covid vaccinechip"
"317","guys  father  diagnosed  covid  getting  vaccine  isnt doing  prayers   greatly appreciated"
"318","   eus entire focus amp structures  geared  controlling     looking outwardly   benefit              organisation especially   crisis"
"319","india kicks   massive covid vaccination drive"
"320","hours post nd covid vaccine body aches headache lowgrade temp shivers     vaccine    heartbeat  im  glad  dont   vaccinated covid moderna"
"321"," concerned  california shifts  agebased covid vaccine system"
"322"," looking  experts review experts  change  mind heres  cdc hides   esp covid vax thats killedmaimed  animal trials skipped straight  human   luck"
"323"," lady   highly qualified   brave please watch  stand  truth   covid vaccine"
"324","nzpol covid superiority spin emanating daily  pms office lamentable  couldnt    australia  testing  capita   tried theyre    vaccine theyre manufacturing  australia  "
"325","florida gov desantis  bogarting covid vaccine   vaccinate twice   people   words   playing god   federallyfunded drug   federally run program paid   federal tax dollars"
"326","tl dr edition wealthy couple flew   indigenous nation pretended   local workers    vaccine   caught   airport"
"327","   weigh risks  medication  risks       benefits outweigh   millions  people  dying  covid  ish people  potentially died   vaccine  doesnt mean  deaths arent sad   insignificant  means "
"328","breaking gamestop  produce covid vaccine"
"329","  tara   lucky      covid vaccine shot  information  receiving  crucial  dose   tough   "
"330","   vaccinate   day  unless private hospitals start vaccinating  population   struggle   pace  vaccine production   outweighs utilisation unlike  countries  dont  shortage  supplies"
"331","judge tosses   doctor accused  stealing covid vaccine  york post"
"332","wisconsin pharmacist pleads guilty  destroying hundreds  covid vaccine doses"
"333","supply limitations slow milwaukees covid vaccine distribution fox milwaukee"
"334"," officials push       covid vaccines  inoculate  nations vulnerable longterm care residents  nursing homes  facing  opposite challenge     extra vaccine doses dont   waste"
"335","  tara   lucky      covid vaccine shot  information  receiving  crucial  dose   tough   "
"336","covid vaccine delays add  layer  angst   albertans"
"337","breaking florida gov ron desantis announced via twitter tuesday    florida  receive  doses   covid vaccine    previous weekly allotment  doses   federal government"
"338","canadian mogul fined  getting covid vaccine meant  indigenous residents covid covid canada"
"339","poverty inequality  worsening due  covid  unfair distribution  wealth amp resources   promote fair globalization help poor amp vulnerable equal jab  vaccine increase jobs amp social protection"
"340"," wouldnt  theyre getting  benefit  trumps laziness   covid vaccine rollout"
"341"," jcvigov  killing hundreds   actively discriminating     vaccine priority         covid risk     woman   limited vaccine sensibly  save hundred  lives  protect  nhs  jcvi negligence"
"342"," background"
"343"," article   lawquacks  highlight   laws    malaysian government  power  mandate  covid vaccine"
"344","      vaccine  youve died  covid  short answer  yes        dead body  act   carrier"
"345"," evidence  covid vaccine caused hank aarons death politifact"
"346"," beg   teachers please procure  vaccine  educators  learners    feb   scared please"
"347","  encouraging    covid infection curve plateauing   time      sign  vaccine distribution  starting    difference  slowing  spread"
"348","  tara vaccine recipients scrambling  schedule nd covid shot  time"
"349","    covid vaccine  statebystate guide covid usa"
"350","  grocery pharmacies      florida  nearly        vaccinated  slated  shot"
"351","            vaccine  trump   doesnt matter  biden  trumps vaccine      beats covid"
"352","     covid vaccine shot   funny guy   informed  versed   trades cnet"
"353","read iatf resolution detailing  testing  quarantine protocols  people   allowed entry  ph postponement  easing  agebased restrictions  ph covid vaccine information management system"
"354","oh   finally    completely forgot   conspiracy theories  people thinking   causing covid amp  vaccine   microchips   injected        amp feels   ago"
"355","   getting random people    covid vaccine      test      tiktok   person getting  vaccine     injected properly oh  godthat  cause real fucking "
"356","    saying  covid vaccine killed hank aaron"
"357","distribution  looks  international travel   somewhat covid normal  looking      future coronavirus europe looks      vaccine fiasco"
"358","unrelated   story  kamala   mother  wasnt   cancer researchers   studying mrna    cancer vaccine    evident        path   covid vaccine"
"359","ur  lab rats  taking  covid vaccine babe   means     dance  top  bars amp hear meg   club  id   times "
"360","president biden    light speed    pandemic  control hes putting  countless hours  manage organize  distribute  vaccine trump  fuckhead didnt   damn  regarding covid    forgive  mf  killing countless ppl"
"361","thank       youngive    excited      president cant   receive  covid vaccine      family  east kennett sq  west chester marthacanton oh"
"362","pharmacist  plead guilty  ruining hundreds  doses  covid vaccine doj "
"363","wait   tyler perry  received  covid vaccine      frontline workers  ages   miss "
"364","   recently approved covid vaccine  australia mean  people living  parkinsons info  advice "
"365"," paramedic    allegedly helped cover   covid vaccine theft buzzfeed news"
"366","modernas covid vaccine     mutant strains    time"
"367","biden administration   million doses  covid vaccine  pfizer  moderna"
"368","  people  saying  people   scared   vaccine  covid  ok       shit   jokes lol"
"369","biden administration  buy million  doses  covid vaccine  politico"
"370","    care homes deaths  tripled    vaccine   covid  care homes  vaccine weeks  deaths triple normally   scientists      ill soon   mathematician     moment   "
"371"," understand completely fauci  funded   pharma fauci funds lab investigating covid lab releases covid world freaks   pharma release vaccine vaccine kills people governments blame covid    vaccine   vaccine  left   rich"
"372"," stab    covid vaccine im sick  getting qtips shoved   nose"
"373","south heartland district health department covid vaccine  positivity update"
"374"," days  slow  spread     treatments      vaccine      vaccine covid  mutated wear masks  power  human hands  liable   abused james madison constitution wethepeople"
"375","biden administration   boost covid vaccine supply president biden takes office npr"
"376"," trudeau government      deal  develop  covid vaccine   chinese firm  days  announcing   kept  truth hidden   public  months"
"377","  youve  covid     vaccine    weeks    booster   youll   wear  masks stay home self quarantine amp social distance    people    shit   bother    ones  believe "
"378","itd  neat   people  actually believe  covid   vaccine   people  didnt believe  covid"
"379"," favorite cousin denied getting  vaccine     causes infertility  sister  currently  covid amp    bigggg indoor wedding  february whyyyyy"
"380","ugur sahin  turkish muslim based  germany ceo  biotech     develop covid vaccine"
"381","    covid vaccinemy anxiety level dropped immensely soon  returning   clinic im feeling  fortunate   seeing patients     masks amp eyewear  march    able  stay healthythank  science  protecting "
"382","pharmacist  plead guilty  ruining hundreds  doses  covid vaccine doj "
"383"," fair  feel    people         recover  covid   ppl  lilke   gonna  access   vaccine soon   process"
"384","mom    covid vaccine wait list   local health department shes  outside  house times   march"
"385","   time  read  people  idiots sometimes anyways heres  article link  yall  "
"386","eu threatens  impose export controls  covid vaccines"
"387","hollywood elite treating covid vaccine   hunger games report"
"388","heres  document  youre      filled    guess  wait"
"389","   modify  doses  children moderna trials  ages   underway    probably  approved vaccine  unfortunately"
"390","   please fucking getting  vaccine    special ed teacher nj mom    pointlessly   school  person  january   uncle  beat cancer    covid    protection wtf "
"391"," announcement   doses   coronavirus vaccine         news  comes  churches  missouri  kansas   stepping   help  vaccinations"
"392","friends mom  health   vaccine   th  diagnosed  covid   th shes doing  thank goodness    hell"
"393","     talking   covid vaccine killing hankaaron hes fine    week     shotthen deadvaccines coronavirusvaccine covid hammerinhank"
"394","please sign period  stop airlines  mandating experimental covid vaccine dr simone gold  aflds  fighting  battle    help  fightback maga"
"395","california covid vaccine distribution  age plan  questions answered"
"396"," day  pray  tn    step closer  phase      covid vaccine"
"397","  moderna covid vaccine doses     six weeks apart"
"398","harris receives  dose  covid vaccine"
"399","biotech executive charged  administering unproven covid vaccine"
"400","verandah retirement community receives  round  covid vaccine kplc"
"401","read iatf resolution detailing  testing  quarantine protocols  people   allowed entry  ph postponement  easing  agebased restrictions  ph covid vaccine information management system"
"402","covid vaccine   virus    retreat   wait   via"
"403","nj resident  phase  eligible   covid vaccine try        shot pardon     total  complete clusterfuxk  countrys health infrastructure "
"404","considering  seriousness  covid        national social responsibilityjai hind thank  pm   entire immunology team  bring   vaccine  stupendous  noble effort  team deserves nobel prize   humanitarian service"
"405","flight attendants  essential workers amp     frontlines   covid crisis  day  weve played  key role  keeping  country amp economy moving tell  governors  prioritize flight attendants  covid vaccine distribution"
"406","   class  humility  taking responsibility     mishaps due   covid response amp msm blames  else   reason  vaccine procurement   dud    fault   killed biz  economy  lives"
"407","joanne chianello  public    wait  august  covid vaccine city  eventually  capacity  inoculate people  day  rollout depends  vaccine supply"
"408","jail time absolutely       required  reimburse taxpayers  retail cost   vial  destroyed pharmacist pleads guilty  federal charges  intentionally sabotaging covid vaccine abc news"
"409","false rumors  covid vaccines  scaring women"
"410","   live   country   covid vaccine isnt available   olympics  priority     vulnerable  nurses medical doctorsolympic participants  seek vaccination    available    public"
"411","  rule applies   covid vaccine success   achieved    access   vaccine      afford   cooperative spirit      "
"412","    covid vaccine      tour       line  tickets"
"413","south koreas waiting game   covid vaccine abc news via"
"414","news monica robins tackles  toughest covid vaccination questions via"
"415","reinstating  fairness doctrine    disaster imagine anytime  nightly news talks   covid vaccine rollout        minutes   antivac nut  tell    vaccines  planting microchips   body"
"416"," fedex sensors  analytics fuel covid vaccine distribution digitaltransformation cc"
"417"," attorney kim foxx stunned   public defenders arranged  coronavirus vaccine  cook county jail ahead   staff"
"418","nut job gop magaq update  wisconsin pharmacist accused  trying  spoil dozens  vials  covid vaccine  facing   prison   agreed tuesday  plead guilty  federal court prosecutors "
"419","nut job gop magaq update  wisconsin pharmacist accused  trying  spoil dozens  vials  covid vaccine  facing   prison   agreed tuesday  plead guilty  federal court prosecutors "
"420","covid volunteers key ingredient  vaccines success abc"
"421"," love seeing selfiestweets  people getting  covid vaccine  brings  hope  feel angry         expected    unsafe conditions    dont  mine   doesnt    joy  feel  seeing    shot"
"422","   vaccine   prevent covid  passing    rush getting  warp speed vaccine"
"423","   anxiety  getting   dose   covid vaccine     surgery  remove  thyroid   cancer ugh"
"424","ive finally  decided   fine     care       cant contract covid im  worried  giving       opportunity    vaccine  means       vaccine    quicker thats fine"
"425","    funds   vaccine    prevention    weapon  covid oh yeah   children  home"
"426","mrna technology     covid vaccines    upend  drug industry"
"427","  rollout  covid vaccines continues  federal trade commission  warning seniors   potential  vaccine scams"
"428","  called     covid vaccine  hopefully ill  getting  tonight"
"429","mill   covid ads      throw  money dont  happy  cut costs   vaccine tho    comes   noting themselves amp  doubt     politicised  skys  limit    lot makes  sense  days  "
"430","wow   warped  mind  mrna technology  destroyed  warped anticovid vaccine mind ill  sharing     people  follow    natural movement    lose  haha"
"431","hollywood actors  covid vaccine scramble   hunger games variety"
"432","      line    absolute   line    covid vaccine   yadda yadda        vaccined despite  true humanity  kindness"
"433","yay getting   covid vaccine shot tomorrow"
"434","  quicker   covid vaccine   cuba   coming  america"
"435","heres  madeincanada coronavirus vaccine starts human clinical trials cbc news  "
"436","   dc government leaders  medical experts     online forum   encourage people  color    covid vaccine   dispel  myths   safety"
"437","  chick    covid vaccine via"
"438","   hard  post  covid bc   ppl  grieving     ppl  soul crushing  im  tired   constant disinformation campaigns  covid vaccine   choose     thats ur choice  dont spread lies pls   save lives"
"439","    fox  tell   moon    green cheese    covid vaccine      toadstool im          telling people "
"440","covid vaccine    record prizer vaccine covid healthcare safe wvumedicine grateful"
"441","covid vaccine    record prizer vaccine covid healthcare safe wvumedicine grateful"
"442"," asheville firefighters opt   covid vaccine"
"443"," cdc    covid vaccines  pregnant women havent  studied clinically  believe  moderna vaccine  unlikely  pose  risk     degraded quickly  normal cellular processes"
"444","  drug  vaccine patents   pharma shares      patent  covid virus  "
"445"," kay bailey hutchison convention center    drivethru vaccines dallas city council      confused  vaccine rollout   rest    "
"446","   vastly improve  covid vaccine efforts     learning       performing    replicating unnecessarily cumbersome inefficient processes  article"
"447"," mum  fired   job  pretty        radio talking   covid vaccine     told   didnt     lose  job ceo probably caught wind  didnt   talking       happened"
"448","business exec   wife charged  flying  remote canadian town   covid vaccine officials "
"449"," people suck"
"450","rodney  ekaterina baker charged  flying  remote canadian town  yukon   covid vaccine officials  cnn"
"451"," teachers  covid vaccine"
"452","covid jamp    confirmed vaccine maker  seek key regulatory approval   allow distribution"
"453","bell county  starting   waitlist    people  chance   covid vaccine"
"454","business exec   wife charged  flying  remote canadian town   covid vaccine officials "
"455","vax queue program helps   covid vaccine doses dont  unused  shelby county"
"456"," paramedic    allegedly helped cover   covid vaccine theft buzzfeed news"
"457"," cant sue pfizer  moderna    severe covid vaccine  effects  government  wont compensate   damages "
"458","iam  private doctor  nandyalkurnool dt   register  covid vaccine"
"459"," publix   sole distribution  covid vaccine  palm beach county concerns  rising       safe    vulnerable  walk   busy super market   shots"
"460"," lyingdeathsantis hijack vaccine doses   rich theres  million discrepancy desantis recently   tuesday  florida  received  million  doses   covid vaccine   federal government"
"461","  disturbs       world  locking    locked   relatively little benefit  doesnt            limiting deaths   covid   vaccine  rolled   suppose     worthy goal"
"462","victoria   zero covid connecting  chain      uk    zero        maybe wont    vaccine  act sooner  lockdown   zero   dont    rule  zero covid "
"463"," mom   covid vaccine"
"464","im calling    pushing  covid vaccine trial  kids    confident start   own kids       goes    "
"465"," youre bored    nextdoor app     covid vaccine guaranteed entertainment"
"466","  read  tweet  started  laugh actually  hold  fool completely responsible   person trump   charge   covid office  lying   nonexistent vaccine"
"467","mohs released photos    covid vaccine administered  myanmar  million doses donated  india arrived friday daw aye mu mu senior nurse  naypyidaw received  vaccine  morning gov   frontline healthworkers gov officials   priority"
"468","grabe ang  effect ng nd dose  covid vaccine   hurtful ha"
"469","dojas performance       brains   couple  germany  create  covid vaccine lt"
"470","madeincanada coronavirus vaccine starts human clinical trials cbc news   hear re canadian company starting clinical trial  deeply troubling  learn fed govt failed  recognize       capacity  home"
"471","vaccine expert  people      covid shot  "
"472"," additional doses      vaccinate nearly  entire  population      summer"
"473","bbgvisualdata  tuesday update   total  million shots administered million shots administered     columns  people vaccinated  amp shots   table  data  available"
"474","city council  answers  questions build  philly fighting covid partnership handling  vaccines"
"475","  difficulty   bitching  finally    covid vaccine waitlist  harris county   family waitlisted    wait"
"476"," cant wait  patti lupone    covid vaccine   norma desmond costume  singing   shot ill ignite  blaze ill return   glory days"
"477","getting answers six covid vaccine pharmacy sites    pima county"
"478","  million doses  covid vaccines  expected   delivered   philippines      start  vaccination rollout  february vaccine czar secretary carlito galvez jr "
"479"," aunt  uncle  covid    regeneron cocktail   told  cant   vaccine    scheduled    vaccine  february   "
"480","vaccine delivery   classic  mile   fix workflow "
"481","day    covid vaccine   feel     hit   bus"
"482","   curiosity  brand  vaccine  biden    trump    covid getting  vaccine  recommended     brand   getting"
"483","covid vaccine rollout simdega jharkhand"
"484","racgp president karen price  australia    advantageous position   comes  understanding covid vaccine efficacy   potential risks  sideeffects  vaccine administration including   elderly  pregnant women"
"485","dont  realise  time  tell          opposite   failed vaccine programme    failed covid safe app"
"486","news update  pandemic task force  authorized  dict  perform actions   procure  services   qualified rd party service provider   management   philippine covid vaccine information management system  malacañang via"
"487","  left  continues trumps covid vaccine plan   succeed donald trump eliminated  common flu   ravaged  country  hundreds    pretty    eliminate covid"
"488","theyre sooo desperate  save  life"
"489"," cant  run  covid vaccine rollout  california     shelf tech "
"490","mark jim     covid booster vaccine"
"491"," biden administration    buy million  covid vaccine doses"
"492","authorities discovered  brandenburg believed   array  conspiracy theories amp notions  alternative history  shared  beliefs  coworkers   medical center    wary  vaccinesespecially  moderna covid vaccine yeshcws   duped "
"493"," stark county schools   list   week covid vaccine distribution  local schools   inperson  hybrid except  brief periods due    quarantined staff  covid outbreak   break   holidays   fall"
"494","pharmacist  plead guilty  ruining hundreds  doses  covid vaccine doj  world news politics"
"495","pharmacist  plead guilty  ruining hundreds  doses  covid vaccine doj "
"496","  time nursing home employees  witness elderly residents dying  hours  days  getting  injections     reluctant  play vaccine roulette"
"497","    seattle venue  visited   shut "
"498","cdc   allocations  im  finding  abut  actual shipments"
"499","covid vaccine doses coming  fl  week  biden administration announced      weeks notice   vaccine supply    receiving florida governor ron desantis   sunshine   ready  "
"500"," commented  johnson amp johnson expects  report covid vaccine results  week"
